{
    "total_runtime": 32.159353256225586,
    "num_documents": 1,
    "input_load_time": 0,
    "workflows": {
        "create_base_text_units": {
            "overall": 0.19469428062438965,
            "0_orderby": 0.002357006072998047,
            "1_zip": 0.003999948501586914,
            "2_aggregate_override": 0.004000425338745117,
            "3_chunk": 0.15127801895141602,
            "4_select": 0.0029997825622558594,
            "5_unroll": 0.005506038665771484,
            "6_rename": 0.0030379295349121094,
            "7_genid": 0.0030007362365722656,
            "8_unzip": 0.002999544143676758,
            "9_copy": 0.0025043487548828125,
            "10_filter": 0.011010885238647461
        },
        "create_base_extracted_entities": {
            "overall": 0.17764925956726074,
            "0_entity_extract": 0.14009547233581543,
            "1_merge_graphs": 0.03455471992492676
        },
        "create_final_covariates": {
            "overall": 0.08940005302429199,
            "0_extract_covariates": 0.05988717079162598,
            "1_window": 0.0045092105865478516,
            "2_genid": 0.003505706787109375,
            "3_convert": 0.008989095687866211,
            "4_rename": 0.003999948501586914,
            "5_select": 0.004507780075073242
        },
        "create_summarized_entities": {
            "overall": 2.1876323223114014,
            "0_summarize_descriptions": 2.183629035949707
        },
        "join_text_units_to_covariate_ids": {
            "overall": 0.019235849380493164,
            "0_select": 0.00599980354309082,
            "1_aggregate_override": 0.008034944534301758
        },
        "create_base_entity_graph": {
            "overall": 0.126267671585083,
            "0_cluster_graph": 0.11565995216369629,
            "1_select": 0.0054476261138916016
        },
        "create_final_entities": {
            "overall": 0.7511813640594482,
            "0_unpack_graph": 0.04105687141418457,
            "1_rename": 0.006011486053466797,
            "2_select": 0.006505727767944336,
            "3_dedupe": 0.007162332534790039,
            "4_rename": 0.006554126739501953,
            "5_filter": 0.01539158821105957,
            "6_text_split": 0.01001596450805664,
            "7_drop": 0.006509542465209961,
            "8_merge": 0.04645681381225586,
            "9_text_embed": 0.5746290683746338,
            "10_drop": 0.007073163986206055,
            "11_filter": 0.017307758331298828
        },
        "create_final_nodes": {
            "overall": 0.35668396949768066,
            "0_layout_graph": 0.1398916244506836,
            "1_unpack_graph": 0.05549502372741699,
            "2_unpack_graph": 0.05027294158935547,
            "3_filter": 0.023268938064575195,
            "4_drop": 0.008507013320922852,
            "5_select": 0.008664846420288086,
            "6_rename": 0.008504152297973633,
            "7_join": 0.016619443893432617,
            "8_convert": 0.028883934020996094,
            "9_rename": 0.009068965911865234
        },
        "create_final_communities": {
            "overall": 0.28801441192626953,
            "0_unpack_graph": 0.04771828651428223,
            "1_unpack_graph": 0.042304039001464844,
            "2_aggregate_override": 0.01313328742980957,
            "3_join": 0.013710498809814453,
            "4_join": 0.013237714767456055,
            "5_concat": 0.009598016738891602,
            "6_filter": 0.043550968170166016,
            "7_aggregate_override": 0.01352071762084961,
            "8_join": 0.014167070388793945,
            "9_filter": 0.02133321762084961,
            "10_fill": 0.011130094528198242,
            "11_merge": 0.012523651123046875,
            "12_copy": 0.011561393737792969,
            "13_select": 0.010512351989746094
        },
        "join_text_units_to_entity_ids": {
            "overall": 0.045561790466308594,
            "0_select": 0.011013507843017578,
            "1_unroll": 0.011523962020874023,
            "2_aggregate_override": 0.012012720108032227
        },
        "create_final_relationships": {
            "overall": 0.19433379173278809,
            "0_unpack_graph": 0.048058271408081055,
            "1_filter": 0.029105424880981445,
            "2_rename": 0.011011838912963867,
            "3_filter": 0.02967357635498047,
            "4_drop": 0.012522459030151367,
            "5_compute_edge_combined_degree": 0.015204906463623047,
            "6_convert": 0.025089263916015625,
            "7_convert": 0.012230873107910156
        },
        "join_text_units_to_relationship_ids": {
            "overall": 0.06789040565490723,
            "0_select": 0.01412510871887207,
            "1_unroll": 0.013376235961914062,
            "2_aggregate_override": 0.014519691467285156,
            "3_select": 0.01338815689086914
        },
        "create_final_community_reports": {
            "overall": 24.09494662284851,
            "0_prepare_community_reports_nodes": 0.019081592559814453,
            "1_prepare_community_reports_edges": 0.016594409942626953,
            "2_prepare_community_reports_claims": 0.016077041625976562,
            "3_restore_community_hierarchy": 0.015653133392333984,
            "4_prepare_community_reports": 0.09686684608459473,
            "5_create_community_reports": 23.901628494262695,
            "6_window": 0.014519691467285156
        },
        "create_final_text_units": {
            "overall": 0.1300675868988037,
            "0_select": 0.015015125274658203,
            "1_rename": 0.014518260955810547,
            "2_join": 0.017101764678955078,
            "3_join": 0.0163424015045166,
            "4_join": 0.019026994705200195,
            "5_aggregate_override": 0.01801896095275879,
            "6_select": 0.015019416809082031
        },
        "create_base_documents": {
            "overall": 0.18820571899414062,
            "0_unroll": 0.017033815383911133,
            "1_select": 0.016171693801879883,
            "2_rename": 0.015522480010986328,
            "3_join": 0.018764495849609375,
            "4_aggregate_override": 0.018009185791015625,
            "5_join": 0.01888298988342285,
            "6_rename": 0.021062850952148438,
            "7_convert": 0.04522514343261719
        },
        "create_final_documents": {
            "overall": 0.03455400466918945,
            "0_rename": 0.01753854751586914
        }
    }
}